INSERT INTO Species (SpeciesID, SpeciesCode, CommonName, SciName) VALUES
  (1, 'eurkes', 'Eurasian Kestrel', 'Falco tinnunculus'),
  (2, 'grybus1', 'Gray Bushchat', 'Saxicola ferreus'),
  (3, 'japthr1', 'Japanese Thrush', 'Turdus cardis'),
  (4, 'taifly1', 'Taiga Flycatcher', 'Ficedula albicilla'),
  (5, 'scathr2', 'White s Thrush', 'Zoothera aurea'),
  (6, 'cregos1', 'Crested Goshawk', 'Accipiter trivirgatus'),
  (7, 'whrsha', 'White-rumped Shama', 'Copsychus malabaricus'),
  (8, 'temsti', 'Temminck s Stint', 'Calidris temminckii'),
  (9, 'sibrub', 'Siberian Rubythroat', 'Calliope calliope'),
  (10, 'kenplo1', 'Kentish Plover', 'Charadrius alexandrinus'),
  (11, 'bkbplo', 'Black-bellied Plover', 'Pluvialis squatarola'),
  (12, 'plapri1', 'Plain Prinia', 'Prinia inornata'),
  (13, 'daured1', 'Daurian Redstart', 'Phoenicurus auroreus'),
  (14, 'rebsta1', 'Red-billed Starling', 'Spodiopsar sericeus'),
  (15, 'yebwar3', 'Yellow-browed Warbler', 'Phylloscopus inornatus'),
  (16, 'olbpip', 'Olive-backed Pipit', 'Anthus hodgsoni'),
  (17, 'gybthr1', 'Gray-backed Thrush', 'Turdus hortulorum'),
  (18, 'magrob', 'Oriental Magpie-Robin', 'Copsychus saularis'),
  (19, 'japrob2', 'Japanese Robin', 'Larvivora akahige');

INSERT INTO Users (UserID, PhotoUrl, Name, Email, Password, UserType) VALUES
  (1, 'https://cdn.download.ams.birds.cornell.edu/api/v1/asset/518093321/', 'John Smith', 'john@example.com', 'password1', 'admin'),
  (2, 'https://cdn.download.ams.birds.cornell.edu/api/v1/asset/518093321/', 'Mary Johnson', 'mary@example.com', 'password2', 'admin'),
  (3, 'https://cdn.download.ams.birds.cornell.edu/api/v1/asset/518093321/', 'Tom Jones', 'tom@example.com', 'password3', 'expert'),
  (4, 'https://cdn.download.ams.birds.cornell.edu/api/v1/asset/518093321/', 'Jane Doe', 'jane@example.com', 'password4', 'expert'),
  (5, 'https://cdn.download.ams.birds.cornell.edu/api/v1/asset/518093321/', 'Bob Smith', 'bob@example.com', 'password5', 'moderator'),
  (6, 'https://cdn.download.ams.birds.cornell.edu/api/v1/asset/518093321/', 'Alice Johnson', 'alice@example.com', 'password6', 'moderator'),
  (7, 'https://cdn.download.ams.birds.cornell.edu/api/v1/asset/518093321/', 'Mike Jones', 'mike@example.com', 'password7', 'user'),
  (8, 'https://cdn.download.ams.birds.cornell.edu/api/v1/asset/518093321/', 'Sue Doe', 'sue@example.com', 'password8', 'user'),
  (9, 'https://cdn.download.ams.birds.cornell.edu/api/v1/asset/518093321/', 'Jim Smith', 'jim@example.com', 'password9', 'user'),
  (10, 'https://cdn.download.ams.birds.cornell.edu/api/v1/asset/518093321/', 'Lisa Johnson', 'lisa@example.com', 'password10', 'user');

INSERT INTO Records (RecordID, UserID, SpeciesID, Longitude, Latitude, DateObserved, Age, Sex, Location, PhotoUrl, Width, Height, Status, ReviewerID) VALUES 
(1, 1, 1, -123.1207, 49.2827, '2023-04-28 09:00:00', 0, 0, 'Shui Hau, Hong Kong, Hong Kong', 'https://cdn.download.ams.birds.cornell.edu/api/v1/asset/518093321/', 1765, 2205, 1, 3),
(2, 2, 2, -123.1207, 49.2827, '2023-04-28 09:00:00', 0, 0, 'Shui Hau, Hong Kong, Hong Kong', 'https://cdn.download.ams.birds.cornell.edu/api/v1/asset/517421841/', 1440, 1440, 1, 3),
(3, 3, 3, -123.1207, 49.2827, '2023-04-28 09:00:00', 0, 0, 'Shing Mun, Hong Kong, Hong Kong', 'https://cdn.download.ams.birds.cornell.edu/api/v1/asset/518901101/', 2667, 4000, 1, 3),
(4, 4, 4, -123.1207, 49.2827, '2023-04-28 09:00:00', 0, 0, 'Shui Hau, Hong Kong, Hong Kong', 'https://cdn.download.ams.birds.cornell.edu/api/v1/asset/518138711/', 2826, 4030, 1, 3),
(5, 5, 5, -123.1207, 49.2827, '2023-04-28 09:00:00', 0, 0, 'Shui Hau, Hong Kong, Hong Kong', 'https://cdn.download.ams.birds.cornell.edu/api/v1/asset/518138541/', 1536, 2346, 1, 3),
(6, 6, 5, -123.1207, 49.2827, '2023-04-28 09:00:00', 0, 0, 'Shing Mun, Hong Kong, Hong Kong', 'https://cdn.download.ams.birds.cornell.edu/api/v1/asset/518901141/', 2333, 3500, 1, 3),
(7, 7, 1, -123.1207, 49.2827, '2023-04-28 09:00:00', 0, 0, 'Shui Hau, Hong Kong, Hong Kong', 'https://cdn.download.ams.birds.cornell.edu/api/v1/asset/518093451/', 1884, 2355, 1, 3),
(8, 8, 2, -123.1207, 49.2827, '2023-04-28 09:00:00', 0, 0, 'Shui Hau, Hong Kong, Hong Kong', 'https://cdn.download.ams.birds.cornell.edu/api/v1/asset/517421831/', 1440, 1440, 1, 3),
(9, 9, 6, -123.1207, 49.2827, '2023-04-28 09:00:00', 0, 0, 'Shui Hau, Hong Kong, Hong Kong', 'https://cdn.download.ams.birds.cornell.edu/api/v1/asset/517421551/', 1439, 1440, 1, 3),
(10, 10, 4, -123.1207, 49.2827, '2023-04-28 09:00:00', 0, 0, 'Shui Hau, Hong Kong, Hong Kong', 'https://cdn.download.ams.birds.cornell.edu/api/v1/asset/517421801/', 1440, 1440, 1, 3),
(11, 1, 7, -123.1207, 49.2827, '2023-04-28 09:00:00', 0, 0, 'Shing Mun, Hong Kong, Hong Kong', 'https://cdn.download.ams.birds.cornell.edu/api/v1/asset/519397581/', 2334, 3500, 1, 3),
(12, 2, 3, -123.1207, 49.2827, '2023-04-28 09:00:00', 0, 0, 'Shing Mun, Hong Kong, Hong Kong', 'https://cdn.download.ams.birds.cornell.edu/api/v1/asset/519397471/', 2667, 4000, 1, 3),
(13, 3, 3, -123.1207, 49.2827, '2023-04-28 09:00:00', 0, 0, 'Shing Mun, Hong Kong, Hong Kong', 'https://cdn.download.ams.birds.cornell.edu/api/v1/asset/519397461/', 2666, 4000, 1, 3),
(14, 4, 3, -123.1207, 49.2827, '2023-04-28 09:00:00', 0, 0, 'Shing Mun, Hong Kong, Hong Kong', 'https://cdn.download.ams.birds.cornell.edu/api/v1/asset/519397451/', 2667, 4000, 1, 3),
(15, 5, 4, -123.1207, 49.2827, '2023-04-28 09:00:00', 0, 0, 'Shui Hau, Hong Kong, Hong Kong', 'https://cdn.download.ams.birds.cornell.edu/api/v1/asset/518138721/', 3042, 4984, 1, 3),
(16, 6, 8, -123.1207, 49.2827, '2023-04-28 09:00:00', 0, 0, 'San Tin, Hong Kong, Hong Kong', 'https://cdn.download.ams.birds.cornell.edu/api/v1/asset/518525121/', 2000, 3000, 1, 3),
(17, 7, 9, -123.1207, 49.2827, '2023-04-28 09:00:00', 0, 0, 'Shui Hau, Hong Kong, Hong Kong', 'https://cdn.download.ams.birds.cornell.edu/api/v1/asset/518138621/', 2954, 4068, 1, 3),
(18, 8, 5, -123.1207, 49.2827, '2023-04-28 09:00:00', 0, 0, 'Shui Hau, Hong Kong, Hong Kong', 'https://cdn.download.ams.birds.cornell.edu/api/v1/asset/518138561/', 3613, 5312, 1, 3),
(19, 9, 10, -123.1207, 49.2827, '2023-04-28 09:00:00', 0, 0, 'Shui Hau, Hong Kong, Hong Kong', 'https://cdn.download.ams.birds.cornell.edu/api/v1/asset/517421511/', 1440, 1440, 1, 3),
(20, 10, 11, -123.1207, 49.2827, '2023-04-28 09:00:00', 0, 0, 'Nai Chung-Che Ha coast, Hong Kong, Hong Kong', 'https://cdn.download.ams.birds.cornell.edu/api/v1/asset/516970141/', 1876, 2517, 1, 3),
(21, 1, 12, -123.1207, 49.2827, '2023-04-28 09:00:00', 0, 0, 'Mai Po Nature Reserve, Hong Kong, Hong Kong', 'https://cdn.download.ams.birds.cornell.edu/api/v1/asset/518104351/', 917, 1066, 1, 3),
(22, 2, 13, -123.1207, 49.2827, '2023-04-28 09:00:00', 0, 0, 'Mai Po Nature Reserve, Hong Kong, Hong Kong', 'https://cdn.download.ams.birds.cornell.edu/api/v1/asset/518102741/', 1827, 2083, 1, 3),
(23, 3, 14, -123.1207, 49.2827, '2023-04-28 09:00:00', 0, 0, 'Mai Po Nature Reserve, Hong Kong, Hong Kong', 'https://cdn.download.ams.birds.cornell.edu/api/v1/asset/518102611/', 1252, 1209, 1, 3),
(24, 4, 14, -123.1207, 49.2827, '2023-04-28 09:00:00', 0, 0, 'Mai Po Nature Reserve, Hong Kong, Hong Kong', 'https://cdn.download.ams.birds.cornell.edu/api/v1/asset/518102571/', 1096, 1461, 1, 3),
(25, 5, 14, -123.1207, 49.2827, '2023-04-28 09:00:00', 0, 0, 'Mai Po Nature Reserve, Hong Kong, Hong Kong', 'https://cdn.download.ams.birds.cornell.edu/api/v1/asset/518102491/', 785, 1054, 1, 3),
(26, 6, 15, -123.1207, 49.2827, '2023-04-28 09:00:00', 0, 0, 'Mai Po Nature Reserve, Hong Kong, Hong Kong', 'https://cdn.download.ams.birds.cornell.edu/api/v1/asset/518102001/', 1288, 1748, 1, 3),
(27, 7, 16, -123.1207, 49.2827, '2023-04-28 09:00:00', 0, 0, 'Lion s Nature Education Centre 獅子會自然中心, Hong Kong, Hong Kong', 'https://cdn.download.ams.birds.cornell.edu/api/v1/asset/517992521/', 1421, 2131, 1, 3),
(28, 8, 17, -123.1207, 49.2827, '2023-04-28 09:00:00', 0, 0, 'Lion s Nature Education Centre 獅子會自然中心, Hong Kong, Hong Kong', 'https://cdn.download.ams.birds.cornell.edu/api/v1/asset/517991681/', 1482, 2223, 1, 3),
(29, 9, 18, -123.1207, 49.2827, '2023-04-28 09:00:00', 0, 0, 'Po Toi ferry, Hong Kong, Hong Kong', 'https://cdn.download.ams.birds.cornell.edu/api/v1/asset/517783371/', 1341, 1341, 1, 3),
(30, 10, 19, -123.1207, 49.2827, '2023-04-28 09:00:00', 0, 0, 'Tai Po Kau Nature Reserve, Hong Kong, Hong Kong', 'https://cdn.download.ams.birds.cornell.edu/api/v1/asset/517756861/', 3002, 4711, 1, 3)

INSERT INTO Comment (UserID, RecordID, Content, Rating) VALUES 
(1, 1, 'Great sighting!', 5),
(2, 2, 'Interesting observation, thanks for sharing!', 4),
(3, 3, 'Love this photo!', 5),
(4, 4, 'Nice record, keep up the good work!', 4),
(5, 5, 'Wow, this is amazing!', 5),
(6, 6, 'Thanks for sharing this sighting!', 4),
(7, 7, 'I saw a similar bird in my garden last week', 3),
(8, 8, 'Beautiful bird, great job capturing it on camera!', 5),
(9, 9, 'This is so cool, I wish I could see this bird in person!', 5),
(10, 10, 'Awesome record, thanks for sharing!', 4);

INSERT INTO News (NewsID, SpeciesID, Title, Content, PhotoUrl, PublishDate) VALUES 
(1, 1, 'New discovery of species', 'We have discovered a new species in the Amazon rainforest!', 'https://example.com/image.jpg', '2023-05-01'),
(2, 2, 'Conservation efforts', 'Efforts to conserve the elephant population are underway.', 'https://example.com/image.jpg', '2023-04-29'),
(3, 3, 'Polar bears in danger', 'The polar bear population is declining due to climate change.', 'https://example.com/image.jpg', '2023-04-28'),
(4, 4, 'Giant squid spotted', 'A rare sighting of a giant squid has been reported off the coast of Japan.', 'https://example.com/image.jpg', '2023-04-27'),
(5, 5, 'Endangered bird species', 'The population of the black-capped vireo is declining rapidly.', 'https://example.com/image.jpg', '2023-04-26'),
(6, 6, 'New study on bee decline', 'A new study has shed light on the decline of bee populations.', 'https://example.com/image.jpg', '2023-04-25'),
(7, 7, 'Illegal ivory trade', 'The illegal ivory trade is still a major problem despite efforts to combat it.', 'https://example.com/image.jpg', '2023-04-24'),
(8, 8, 'Rare bird sighting', 'A rare sighting of a red-tailed hawk has been reported in Central Park.', 'https://example.com/image.jpg', '2023-04-23'),
(9, 9, 'Marine plastic pollution', 'The amount of plastic in the ocean is reaching alarming levels.', 'https://example.com/image.jpg', '2023-04-22'),
(10, 10, 'Biodiversity hotspots', 'Some areas of the world are home to an incredibly high number of species.', 'https://example.com/image.jpg', '2023-04-21');